gpa_current,attendance_rate,num_failed,stress_level,motivation_score,shcvht_participation,study_hours,sentiment_score,risk_label
2.84,0.622,2,1,5,3.395,17.34,0.3645,1
1.77,0.747,2,3,2,5.0,21.77,0.3527,-1
3.2,0.883,1,2,1,3.395,13.8,1.0,1
3.35,0.805,0,4,4,3.225,16.29,0.4378,1
1.04,0.722,2,5,4,1.793,23.09,0.722,-1
1.56,0.719,0,3,2,4.422,2.33,-0.0689,-1
2.7,0.713,1,2,3,2.648,19.54,-0.4461,0
2.35,0.688,2,5,1,2.488,14.0,-0.0729,-1
2.59,1.0,1,4,4,4.609,10.53,0.4916,0
1.92,0.865,2,3,4,4.474,18.02,0.3238,-1
3.3,0.953,1,1,2,4.445,23.36,0.3218,1
3.22,0.747,0,1,3,2.802,22.23,-0.0179,1
2.65,0.792,0,2,2,3.144,15.19,-0.1056,0
3.5,0.713,0,2,1,3.134,21.25,0.0011,1
2.97,0.422,1,4,1,4.061,21.21,0.4985,0
1.91,0.613,1,3,5,4.909,15.48,0.5624,-1
2.9,0.548,0,5,3,3.605,11.84,-0.4534,-1
1.83,0.483,0,3,1,5.0,12.19,0.5193,-1
3.3,0.641,1,5,1,4.187,21.03,-0.2579,-1
2.56,1.0,2,3,2,2.942,15.75,0.3579,0
2.45,0.813,2,2,5,4.112,9.72,-0.0056,0
2.06,1.0,0,4,2,5.0,5.89,0.9612,1
3.58,0.882,3,3,5,5.0,20.99,-0.1299,-1
2.48,0.937,0,2,3,4.506,12.72,0.1982,1
2.26,0.685,2,3,4,3.228,17.98,0.4336,-1
2.32,0.899,3,4,4,2.962,23.44,-0.3807,-1
3.03,0.929,0,2,1,3.834,8.15,0.0599,1
2.89,0.734,3,4,1,5.0,15.73,-0.0466,-1
2.93,0.904,1,5,5,3.677,14.98,-0.1826,0
2.94,0.905,0,3,5,3.7,18.28,-0.1418,1
4.0,0.738,0,2,1,3.257,23.43,0.7116,1
2.27,0.652,0,3,4,2.839,8.02,-0.2292,-1
2.19,0.642,1,5,5,3.022,19.42,0.4115,-1
1.95,0.833,0,1,5,3.349,22.19,0.273,-1
3.09,0.869,1,5,2,5.0,14.88,-0.6683,0
3.5,0.701,0,3,5,2.936,15.18,0.3855,1
2.51,0.824,1,5,4,3.258,18.51,-0.6774,0
1.93,0.906,2,4,5,2.248,18.07,0.4455,-1
1.94,0.913,4,4,1,3.988,19.49,-0.179,-1
3.12,1.0,2,5,4,4.703,19.37,0.1046,0
3.19,1.0,3,1,1,4.987,10.11,-0.6119,-1
3.03,0.67,0,3,2,3.424,21.94,0.1673,0
2.07,1.0,1,1,1,3.832,23.0,0.6098,1
2.79,0.74,1,2,3,3.031,17.12,-0.3438,0
2.69,0.977,0,1,5,3.781,7.04,-0.2339,1
2.77,0.83,1,4,4,3.545,15.31,0.35,0
3.3,0.758,1,4,2,3.264,17.17,0.3638,0
2.78,0.549,0,4,3,3.352,9.13,-1.0,-1
3.14,0.794,0,1,2,3.697,13.84,1.0,1
2.65,0.586,1,2,4,2.876,7.54,0.3907,0
2.83,0.965,2,4,2,2.933,19.64,0.4833,1
3.11,1.0,1,5,1,5.0,17.0,0.0211,0
1.43,0.7,0,5,3,5.0,6.13,-0.9204,-1
2.34,0.865,1,1,5,1.875,18.11,0.4711,1
2.22,0.711,2,3,3,1.815,15.66,-0.2109,-1
2.09,0.726,1,1,2,2.147,19.1,0.3992,0
2.38,0.936,1,5,1,3.086,13.65,-0.0203,0
3.8,0.814,0,1,5,4.185,11.19,0.2309,1
1.91,1.0,2,5,4,3.85,11.37,-0.3262,-1
3.37,0.748,2,1,1,3.389,12.77,0.5754,1
1.25,0.97,1,1,1,3.782,16.11,-0.5536,-1
2.33,0.835,2,5,1,2.439,16.89,1.0,-1
2.73,0.939,1,3,2,2.931,14.86,1.0,0
3.07,0.753,1,3,5,3.178,13.46,0.998,0
3.17,0.813,0,4,1,1.457,13.89,0.8015,1
3.23,0.803,0,2,5,1.923,30.0,0.0535,1
2.32,0.695,1,4,1,1.966,11.38,0.7416,-1
2.23,0.919,0,3,4,4.041,12.65,0.0471,0
3.29,0.918,1,2,2,3.47,30.0,-0.7544,1
2.45,0.909,3,2,5,3.872,18.53,0.9268,-1
1.58,1.0,0,1,3,1.176,7.72,0.7209,-1
1.69,1.0,1,2,2,1.568,21.06,0.0828,-1
1.86,0.764,2,3,2,3.93,10.54,-0.5739,-1
3.0,0.876,1,1,5,0.143,21.45,-0.2224,1
2.71,0.726,1,1,3,4.547,14.73,-0.9016,0
3.15,0.824,0,4,2,1.194,13.36,0.6198,1
2.26,0.73,0,3,4,4.128,25.65,-0.7818,-1
2.73,1.0,1,1,3,2.223,19.4,0.2578,1
3.1,0.875,1,4,4,4.354,21.84,-0.364,0
2.35,0.787,2,4,3,5.0,18.61,-0.6847,-1
2.97,0.999,1,1,1,0.7,13.33,0.2311,1
2.07,0.494,1,2,1,3.965,19.67,-0.0836,0
2.31,0.518,5,2,1,1.211,23.26,0.561,-1
2.29,0.939,2,4,3,3.669,16.81,-0.5972,-1
1.64,0.829,1,1,3,2.973,26.81,-0.3165,-1
2.99,0.858,0,5,4,3.343,21.1,-1.0,1
2.22,0.621,0,2,5,2.197,17.27,-1.0,-1
2.61,0.817,0,1,1,4.059,17.51,1.0,1
2.98,1.0,2,5,5,1.607,16.82,1.0,1
2.96,0.944,1,1,5,4.566,8.49,0.151,1
3.13,0.845,1,1,4,2.75,15.46,-0.3531,1
2.52,0.754,1,5,3,1.657,17.33,-0.0641,0
2.26,0.761,2,3,1,4.954,13.5,0.5805,-1
2.54,0.501,1,3,1,3.126,18.03,-0.1829,0
1.25,0.859,3,4,1,5.0,16.13,0.2307,-1
1.44,0.947,2,4,4,4.543,20.64,0.093,-1
1.54,0.584,2,4,3,2.322,19.98,-0.2128,-1
1.8,0.721,1,1,1,3.107,17.0,-0.1894,-1
2.92,0.646,1,3,1,3.333,7.8,0.2613,0
1.88,0.675,0,2,1,4.879,26.74,-0.4373,-1
2.3,0.828,1,5,4,3.681,15.15,0.3485,0
3.64,0.507,1,3,4,3.394,15.51,-0.1594,0
2.31,0.912,2,1,4,2.98,13.94,0.1701,0
3.19,0.933,0,5,1,3.144,13.07,0.8612,1
1.85,0.782,1,2,1,4.635,25.26,0.0075,-1
2.44,0.448,1,2,1,3.204,24.32,0.6059,0
1.84,0.671,1,5,4,2.766,18.67,-0.8856,-1
2.33,1.0,1,4,4,2.579,15.35,-0.1587,0
3.27,0.403,2,5,2,2.591,19.71,0.1152,-1
1.22,0.768,0,4,1,1.658,16.44,1.0,-1
2.95,0.643,2,5,2,2.375,14.86,-0.978,-1
2.79,0.941,1,1,5,4.848,18.03,0.0471,0
2.12,0.719,1,3,1,2.973,13.35,0.9012,0
1.44,0.881,1,2,4,3.975,17.51,-0.3318,-1
2.66,0.905,2,2,3,0.473,17.23,-0.0171,0
2.18,1.0,3,2,1,3.825,19.62,0.2825,-1
2.79,0.79,1,2,5,3.023,12.29,0.2015,0
2.62,0.876,1,3,3,2.67,20.26,0.9612,0
3.88,0.597,1,5,4,3.399,10.56,0.3467,0
2.41,0.999,1,4,1,2.655,12.56,0.8303,0
1.78,0.706,1,2,2,0.864,12.83,-0.098,-1
2.74,0.736,1,3,4,4.214,9.57,-0.3073,0
2.78,0.817,0,3,4,3.467,22.09,-0.0241,0
3.69,0.586,2,2,1,2.855,10.19,-0.5375,-1
3.27,0.854,0,3,4,2.137,11.81,0.3659,1
2.89,0.965,0,4,5,1.583,23.53,-0.1122,1
3.77,0.864,1,2,4,3.446,12.58,-0.2695,1
1.65,0.582,2,3,2,4.975,14.87,0.3743,-1
2.09,0.801,1,4,5,3.423,9.93,-0.529,-1
1.86,0.931,1,3,4,1.679,21.0,0.5238,-1
2.29,0.538,1,2,1,3.448,21.08,-0.1631,0
1.5,0.659,2,3,1,3.141,20.43,0.7375,-1
3.11,0.951,1,4,5,4.15,19.23,-0.116,0
2.42,0.861,0,2,2,3.867,16.44,0.4476,1
1.42,0.882,0,3,1,0.0,12.85,0.1988,-1
1.79,1.0,1,4,3,3.8,11.11,0.5091,-1
2.85,0.89,0,2,3,2.096,23.74,0.1605,1
3.27,0.919,1,2,3,1.636,20.59,-0.8149,1
4.0,1.0,2,5,4,2.993,11.84,0.6548,1
4.0,0.788,0,2,5,3.652,16.24,0.0518,1
2.93,0.7,1,3,4,1.395,14.2,0.5342,0
1.81,0.884,1,1,1,3.975,9.23,0.4796,-1
0.89,0.886,1,5,1,4.04,17.07,-0.3253,-1
2.81,0.741,0,3,1,3.252,13.51,-0.4031,0
1.95,0.665,1,4,2,2.246,10.28,0.4604,-1
2.27,1.0,0,4,2,2.123,7.13,-0.0668,0
2.11,0.869,2,2,5,4.329,6.62,0.615,1
2.49,0.71,4,2,2,1.538,13.77,0.002,-1
3.45,0.957,1,4,1,4.371,15.49,0.6629,1
2.73,0.804,1,5,5,3.018,10.75,0.3328,0
2.47,0.782,0,1,2,3.095,19.9,0.2584,1
1.77,0.904,0,5,5,1.321,15.61,-0.1057,-1
1.26,0.626,2,5,4,3.039,19.46,0.2278,-1
2.21,0.873,2,1,5,3.875,14.9,0.7561,1
2.56,1.0,2,1,5,1.73,11.28,0.0702,0
4.0,0.89,1,4,1,3.748,16.68,0.3921,1
2.7,0.764,1,5,4,3.298,8.42,0.1255,0
3.39,0.744,0,2,3,2.492,19.24,0.1685,1
2.2,0.758,0,4,4,4.14,10.38,1.0,0
1.65,0.782,0,5,4,0.778,21.51,0.761,-1
1.83,0.763,0,2,3,3.581,13.97,0.1437,-1
2.02,0.957,1,2,2,4.981,22.38,0.2179,1
4.0,0.56,0,5,5,4.784,9.26,-0.286,-1
1.94,0.949,2,2,4,3.629,11.93,0.0049,-1
3.27,0.763,1,3,5,2.868,18.29,0.2702,0
1.88,0.877,1,3,2,2.501,23.02,0.5678,-1
3.35,0.651,3,3,5,2.867,26.0,0.5121,-1
2.91,1.0,1,2,2,3.798,16.25,-0.5101,1
2.47,1.0,3,4,3,2.312,27.03,0.6373,-1
2.57,0.964,0,4,5,4.033,14.26,0.0512,0
2.08,0.593,1,2,2,5.0,22.59,-0.4428,-1
2.96,0.944,0,3,2,3.132,10.35,0.835,1
2.24,0.881,0,1,5,1.721,18.52,0.9048,1
1.62,0.579,1,2,5,1.721,1.95,0.2451,-1
1.58,0.816,0,5,2,4.054,9.27,0.4898,-1
2.74,0.875,0,3,2,3.134,18.8,0.5221,1
3.86,0.903,2,4,2,4.165,8.13,0.8677,1
2.73,0.847,0,5,1,2.613,18.56,0.5004,1
2.51,0.864,1,4,3,4.114,21.44,-0.6302,0
2.83,1.0,1,4,2,3.026,12.99,1.0,1
3.64,1.0,1,4,5,2.394,10.19,0.6861,1
2.78,0.39,1,3,1,2.759,13.15,-0.1802,0
2.27,0.772,3,4,4,1.883,10.21,-0.4663,-1
3.49,0.795,0,2,3,5.0,15.39,0.3776,1
2.94,0.557,2,5,4,3.094,16.61,-0.053,-1
3.83,0.834,1,1,1,3.909,14.16,0.2815,1
2.75,1.0,2,5,3,2.609,26.05,0.5089,0
1.62,0.657,1,5,4,2.043,11.68,-0.2115,-1
1.51,0.87,1,1,2,2.943,24.35,-0.5139,-1
3.92,0.683,1,4,5,4.411,9.75,0.3122,0
3.98,0.719,1,5,3,2.627,16.44,-0.1934,0
2.46,1.0,0,3,2,2.242,23.1,0.1804,0
2.29,0.739,1,2,1,3.371,22.79,-0.6388,0
3.77,0.889,0,5,1,3.749,13.48,-0.0387,1
1.71,0.539,1,3,3,5.0,19.33,0.4932,-1
1.88,1.0,1,1,3,3.589,18.53,0.4333,-1
3.11,0.91,1,2,5,3.908,12.76,-0.3336,1
2.28,0.793,3,4,4,3.991,19.7,-0.5425,-1
2.6,0.906,1,3,1,1.932,27.17,0.1087,0
2.47,0.609,1,2,3,2.14,18.83,0.4086,0
2.87,0.997,0,4,3,2.008,19.4,0.3228,1
3.73,0.771,0,1,1,1.735,20.03,-0.1817,1
2.67,0.789,1,2,4,4.075,7.23,0.2638,0
3.12,0.746,1,3,3,3.519,18.76,0.9263,0
0.96,0.733,1,1,1,3.287,9.9,0.2128,-1
2.56,0.924,1,2,3,0.348,12.46,-0.7982,0
1.93,0.858,0,5,4,5.0,28.97,0.2118,-1
1.62,0.918,0,5,2,2.216,14.48,1.0,-1
1.9,0.819,0,5,2,5.0,11.56,-0.6081,-1
2.33,0.897,0,2,1,1.606,22.92,0.1163,1
3.33,0.757,0,1,2,2.306,10.31,-0.0245,1
1.54,1.0,1,5,5,0.777,13.32,0.1527,-1
2.62,0.585,0,2,4,3.598,23.49,0.2068,1
2.21,1.0,0,4,1,1.989,16.26,0.727,1
2.34,1.0,0,1,3,2.02,6.63,0.1466,1
3.4,0.692,1,4,1,1.69,19.26,0.8025,0
3.03,1.0,1,3,3,4.055,13.62,0.0353,0
3.67,0.969,0,5,1,3.983,25.24,-0.0926,1
2.48,0.966,1,1,4,5.0,12.36,-0.2681,0
2.04,0.824,0,3,3,2.446,22.31,-0.8994,-1
2.42,0.787,0,5,4,3.441,26.65,0.2517,0
2.79,0.789,3,2,3,1.782,10.89,1.0,-1
2.74,0.879,0,4,2,2.831,14.84,0.352,1
1.73,1.0,1,1,2,2.629,18.33,0.4777,-1
2.67,0.847,1,4,2,3.711,10.86,-0.1272,0
2.78,0.683,1,2,3,4.319,17.62,-0.0344,0
4.0,0.944,0,3,3,4.29,14.65,0.6416,1
4.0,0.958,2,5,4,2.273,14.53,1.0,1
1.92,0.918,1,4,1,4.298,16.29,0.9184,-1
2.37,0.932,3,3,2,3.152,16.43,0.5429,-1
1.43,0.779,1,1,5,2.843,16.98,0.1193,-1
2.13,0.681,1,2,5,2.421,12.41,0.2153,0
2.85,0.69,0,5,5,2.584,12.67,-0.3144,-1
3.56,0.575,1,2,2,5.0,15.29,-0.6965,0
2.02,0.856,2,4,1,3.538,15.73,-0.5197,-1
2.08,0.807,0,3,1,3.392,13.37,0.1274,0
0.88,0.754,1,2,1,2.912,17.94,-0.0606,-1
2.47,0.377,2,4,5,5.0,5.11,-0.7082,-1
1.75,0.633,0,2,5,4.636,11.62,0.0795,-1
2.18,0.988,2,2,5,2.407,14.32,-0.0751,0
1.9,0.72,2,3,4,2.899,10.86,-0.5451,-1
2.52,0.874,1,4,2,2.964,25.78,-0.1036,0
1.19,0.611,0,5,3,3.36,16.11,-0.0765,-1
1.43,1.0,0,4,5,2.429,17.06,-0.2392,-1
4.0,0.798,0,4,5,3.683,13.1,0.6097,1
1.57,0.864,1,4,3,4.797,15.91,-0.9466,-1
1.72,1.0,1,2,5,1.755,8.71,-0.9922,-1
4.0,1.0,0,2,2,1.959,14.98,0.1018,1
4.0,0.774,1,3,3,2.669,10.38,0.1529,0
1.66,0.731,3,4,5,2.72,14.34,0.3223,-1
2.31,0.771,1,4,2,5.0,0.64,-0.1964,0
2.87,0.896,2,1,4,4.302,9.23,-0.4049,1
3.98,0.804,0,4,3,4.239,24.78,0.096,1
1.81,0.761,0,2,2,2.909,20.98,-0.1429,-1
2.4,1.0,0,5,2,2.885,23.91,0.9531,1
3.22,0.803,3,4,4,1.603,24.33,-0.0783,-1
2.95,1.0,1,5,3,4.06,20.04,0.0707,0
2.3,0.834,1,4,2,3.74,13.28,1.0,0
2.49,1.0,0,3,4,4.615,9.78,-0.0071,0
1.5,0.874,1,1,1,2.968,22.88,0.4059,-1
2.41,0.964,1,2,1,3.044,16.39,0.4555,1
2.39,0.711,0,5,5,3.387,30.0,0.5023,0
2.79,0.692,3,2,4,4.181,13.81,0.2592,-1
2.16,0.889,3,1,3,1.583,27.84,0.2066,-1
2.98,0.968,0,2,1,4.01,15.06,0.1552,1
3.41,0.826,0,3,3,3.177,24.02,-0.2168,1
2.72,0.627,1,4,3,2.035,26.18,0.279,0
2.88,0.616,0,5,3,0.907,9.86,1.0,1
2.64,0.606,0,5,1,3.05,13.09,0.7659,0
2.6,0.555,1,3,3,4.792,9.8,0.2672,0
2.02,0.836,3,3,3,5.0,8.62,0.5707,-1
2.85,0.989,1,5,2,3.591,20.0,-0.378,0
2.52,0.818,1,1,1,5.0,14.82,-0.0433,0
4.0,0.481,0,3,5,3.153,16.31,0.6213,1
3.86,0.791,1,3,4,4.249,19.34,0.9179,0
2.91,0.796,2,4,4,2.704,4.86,-0.324,-1
1.99,1.0,1,5,4,2.634,23.72,-0.166,-1
1.71,0.601,2,4,4,2.455,13.91,1.0,-1
3.55,0.761,0,4,1,0.933,19.19,0.1529,0
2.81,1.0,1,4,3,4.616,19.72,1.0,1
2.98,0.887,3,3,5,2.494,24.22,0.2138,-1
1.2,0.904,2,2,2,2.318,15.37,0.2354,-1
3.34,0.837,0,2,5,1.902,3.26,-0.068,1
2.96,0.869,0,4,1,2.975,16.34,0.6184,1
1.71,0.937,1,4,2,5.0,17.2,0.8468,-1
2.22,0.699,1,2,2,5.0,9.79,-0.4693,-1
2.81,0.952,0,5,4,1.373,16.88,-0.0938,1
2.64,0.614,0,5,1,2.81,13.83,0.6033,0
2.37,0.869,0,4,2,2.062,7.94,0.0287,0
2.52,0.847,2,2,4,4.287,20.03,-0.1714,0
2.4,0.728,1,5,2,3.515,12.62,0.6552,0
2.72,0.817,0,2,5,2.5,13.56,0.7069,1
3.78,0.727,0,3,5,3.28,13.22,-0.1473,0
0.55,0.659,3,5,2,2.675,23.41,0.2168,-1
2.41,0.767,0,3,3,4.976,15.75,-0.5647,-1
2.74,0.654,1,2,2,3.802,16.47,-0.3925,0
2.84,0.868,2,1,2,3.937,13.36,0.1683,1
2.3,0.647,2,2,4,0.266,18.78,0.1173,-1
1.19,0.927,2,4,2,3.127,24.1,-0.4318,-1
2.86,0.643,1,4,1,5.0,19.89,-0.2938,-1
3.98,0.735,2,2,2,4.659,20.12,-0.4858,0
1.37,0.726,1,1,5,1.168,19.64,0.3503,-1
3.29,1.0,0,4,2,2.855,7.72,-0.9822,1
2.34,0.87,0,1,2,1.878,10.74,-0.4564,1
2.55,0.788,0,1,4,5.0,14.77,-0.9246,0
1.76,0.895,1,3,1,3.469,11.64,0.3305,-1
2.33,0.504,0,3,2,2.355,9.61,-0.8915,-1
3.64,0.814,1,2,1,3.238,4.77,0.1175,1
3.07,1.0,1,2,5,0.332,7.92,1.0,1
3.99,0.84,0,2,5,2.007,14.46,1.0,1
3.54,0.83,1,2,4,3.24,15.58,-0.8932,1
2.95,0.902,0,1,2,4.13,11.24,0.2641,1
4.0,0.954,5,1,4,1.065,16.47,-0.4439,-1
2.95,0.52,2,2,4,2.781,13.4,-0.5562,-1
3.26,0.568,0,1,5,4.311,22.54,0.0376,1
2.36,0.852,0,2,1,1.603,15.03,0.7756,1
2.65,0.713,3,3,4,3.452,20.18,0.4298,-1
2.04,1.0,0,1,1,3.273,17.22,-0.2933,1
3.39,0.773,1,4,3,5.0,7.59,0.4878,0
1.66,0.53,5,4,5,2.947,15.46,-1.0,-1
3.23,0.63,0,3,1,3.011,8.59,-0.3141,-1
2.45,0.408,0,4,1,4.14,15.35,-0.3531,-1
3.54,0.785,1,5,5,1.741,11.53,0.1431,0
3.2,0.792,0,1,1,2.957,18.29,-0.0116,1
4.0,0.756,1,1,4,2.699,7.95,0.0222,0
3.18,0.982,3,2,3,3.047,16.09,0.0039,-1
1.34,1.0,0,4,2,4.133,19.43,0.1123,-1
2.55,0.794,1,5,5,3.81,21.45,0.3971,0
1.66,0.5,1,5,5,2.376,11.41,0.1821,-1
2.19,0.913,0,3,2,3.35,16.11,-0.0564,0
3.81,0.903,2,3,1,4.839,17.1,0.321,1
3.11,0.866,1,3,1,2.285,25.28,0.5544,1
2.04,0.967,1,1,1,3.36,7.11,-0.2058,0
1.79,0.645,0,3,5,2.988,10.53,0.0673,-1
2.63,1.0,0,3,3,3.131,30.0,0.739,1
1.63,0.676,0,2,4,1.406,14.36,-0.5065,-1
2.06,0.932,0,4,2,4.752,4.65,1.0,1
2.85,0.567,1,5,5,2.348,12.5,-0.6365,-1
3.52,0.68,0,2,4,4.329,0.0,-0.09,1
3.09,1.0,1,5,4,2.516,17.45,-0.4226,0
0.77,0.781,2,1,3,2.512,20.86,1.0,-1
2.84,0.946,1,5,4,4.534,10.53,-0.1768,0
2.66,0.856,0,4,3,4.293,13.18,-0.1755,0
2.93,0.804,3,2,2,3.43,21.54,-0.1039,-1
3.89,1.0,1,4,3,4.037,5.5,0.1526,0
0.95,0.785,0,2,2,2.883,8.07,-0.0806,-1
2.13,0.553,0,4,5,3.191,14.63,0.0269,-1
3.07,0.7,1,1,4,2.472,11.49,-1.0,0
1.33,0.903,3,2,4,4.194,14.24,0.1314,-1
3.78,0.879,1,2,4,2.437,8.42,0.1098,1
2.89,0.585,0,1,3,4.834,17.29,0.6712,1
3.28,0.711,1,2,5,2.853,15.1,0.82,1
2.14,0.733,0,4,2,3.223,19.3,-0.0032,0
3.25,0.765,0,4,3,4.035,17.2,0.5489,1
3.45,0.614,0,3,1,3.226,17.24,-0.5059,-1
2.79,0.726,0,1,2,2.872,7.32,0.522,1
2.79,0.711,0,2,3,3.167,18.96,-0.2149,0
2.82,0.936,1,5,3,4.183,14.01,-0.5516,0
1.91,0.941,2,2,5,2.471,15.0,-0.0021,-1
2.48,0.798,2,1,4,3.061,22.29,0.8703,0
2.48,0.761,0,3,3,3.211,11.68,0.1996,0
2.91,0.841,0,1,3,4.151,24.11,0.9231,1
3.4,0.698,0,2,4,3.09,24.67,-0.3118,1
1.75,0.648,3,5,4,5.0,20.52,0.6763,-1
2.5,0.679,2,2,2,3.028,10.12,-0.2587,-1
3.79,0.725,1,4,3,2.939,2.88,0.2239,0
2.01,0.645,0,3,3,3.012,22.47,0.2192,-1
1.94,0.844,2,2,1,1.752,16.67,0.4638,-1
2.76,0.929,1,4,5,2.06,11.53,0.2379,0
3.28,0.582,0,3,3,2.616,23.04,-0.3066,-1
2.61,0.824,0,2,2,4.449,10.83,0.5842,1
3.66,0.787,2,2,4,3.164,13.46,1.0,1
3.29,0.871,0,5,4,2.667,19.15,-0.2211,1
3.27,0.818,0,1,5,4.549,9.32,-0.9094,1
3.04,0.602,0,5,1,4.906,15.34,0.3746,1
4.0,0.631,2,3,3,4.581,22.53,-0.0821,-1
2.44,0.824,1,5,1,2.262,17.27,0.0279,0
1.0,0.974,0,2,3,2.655,23.48,0.4059,-1
3.88,0.488,0,3,3,5.0,22.8,-0.151,0
2.23,0.872,5,4,3,3.465,16.05,-0.0479,-1
2.69,0.998,1,2,5,2.906,1.98,0.0449,0
3.65,0.797,0,2,3,3.99,9.37,0.9084,1
1.32,0.903,0,3,3,4.308,20.58,0.1165,-1
1.6,0.715,0,4,1,2.571,6.7,-0.5796,-1
1.32,0.802,0,2,2,3.441,14.04,-0.5577,-1
1.96,0.577,2,4,5,4.219,18.03,0.1766,-1
2.95,0.468,0,4,3,1.924,24.82,-0.5212,-1
3.02,0.961,1,1,5,3.214,12.55,-0.7593,1
2.82,0.672,0,5,3,1.974,12.14,0.4495,1
1.47,0.752,0,1,3,2.118,15.69,0.4765,-1
0.75,0.612,0,4,3,2.581,18.11,-0.1025,-1
2.64,0.609,0,3,3,3.725,15.07,0.2615,0
2.22,0.794,3,4,1,2.846,22.3,0.2035,-1
2.97,0.711,2,4,1,2.487,11.21,0.4313,0
3.16,0.877,1,4,3,3.257,16.72,0.4326,1
2.71,0.888,1,4,3,1.938,18.67,-1.0,0
3.21,0.868,1,5,3,3.672,13.6,-0.0323,0
2.78,0.856,0,4,3,4.445,21.04,0.3848,1
3.02,1.0,0,5,2,3.113,16.89,-0.1258,1
2.04,0.66,1,3,4,2.977,20.73,0.1199,-1
2.46,0.812,0,2,4,3.611,17.16,0.5129,1
2.76,0.99,0,2,1,0.969,18.26,0.1445,1
3.26,1.0,3,4,3,3.79,12.21,0.9294,-1
2.29,0.607,0,3,4,5.0,12.22,0.7198,-1
3.02,0.773,1,1,4,3.065,23.35,0.0348,0
2.39,1.0,2,2,2,3.069,19.81,-0.0089,0
2.51,0.896,2,5,5,4.018,9.86,-1.0,-1
3.26,0.849,1,4,4,5.0,17.09,-0.0796,0
1.01,0.787,1,4,3,4.272,1.76,-0.6443,-1
1.56,0.762,0,1,4,0.829,12.56,0.2217,-1
1.41,0.863,1,1,5,3.82,21.77,0.1841,-1
0.73,0.782,0,2,2,5.0,15.25,0.4827,-1
2.06,0.814,1,5,1,3.885,16.71,0.8682,0
3.2,0.832,1,3,3,1.93,0.0,0.0856,0
2.37,0.718,0,4,1,3.51,13.65,1.0,0
2.76,0.9,0,3,5,1.791,18.03,0.2278,1
3.47,1.0,2,3,5,4.556,18.79,-0.6206,-1
3.66,0.553,2,4,4,2.149,21.77,-0.2091,-1
2.54,0.869,3,5,5,3.282,14.74,-0.105,-1
3.68,0.706,1,3,1,2.256,15.01,0.4257,0
2.67,0.907,0,3,4,2.599,8.01,-0.421,0
1.93,0.827,1,5,3,4.835,14.77,-0.0639,-1
2.12,0.934,0,2,2,3.314,8.43,0.0114,1
1.42,0.996,0,5,2,2.585,4.91,-0.1465,-1
1.89,0.849,0,3,3,1.94,9.49,0.5463,-1
2.31,0.99,2,5,4,1.141,25.05,0.4527,-1
3.24,0.468,0,3,1,1.824,14.38,0.7416,1
3.98,1.0,1,4,4,3.323,17.32,-0.0821,0
1.49,0.876,2,2,5,4.278,12.92,0.7614,-1
2.91,0.982,2,4,1,2.584,5.26,-0.6502,-1
1.77,0.637,1,2,5,4.928,21.62,-0.6636,-1
2.98,0.695,0,4,4,2.411,2.97,-0.5676,-1
2.5,0.842,1,4,2,2.938,12.67,0.1051,0
1.14,0.817,0,3,4,2.012,15.67,0.7613,-1
3.34,0.862,2,3,4,4.29,17.38,-0.2312,-1
2.12,0.983,0,2,4,5.0,11.64,-0.1622,1
2.17,0.555,0,4,1,1.262,4.97,-0.0188,-1
1.74,0.966,1,3,1,2.819,11.19,0.4151,-1
2.08,0.821,3,3,4,4.591,11.51,-0.1627,-1
2.94,0.789,0,1,2,1.608,11.36,-0.1934,1
2.45,0.599,0,1,2,3.823,21.82,-0.64,-1
2.86,0.895,1,1,3,4.544,8.72,-0.2144,1
2.89,0.458,0,5,4,3.286,17.81,0.7476,1
3.66,0.917,0,5,1,3.805,16.95,0.15,1
2.33,0.596,0,1,5,5.0,21.76,-0.3069,-1
1.42,0.828,1,1,3,5.0,15.2,0.7799,-1
3.45,0.802,3,4,1,3.132,20.75,-0.2219,-1
2.33,0.995,2,3,1,2.614,14.97,0.881,-1
3.49,0.793,1,2,5,2.188,18.61,0.872,1
2.91,0.716,0,4,1,4.275,6.98,0.1308,0
2.5,0.744,0,2,3,1.691,0.17,-0.7242,0
2.88,1.0,0,1,4,2.922,18.27,1.0,1
4.0,0.9,0,2,3,3.313,18.59,0.313,1
4.0,0.762,2,5,2,2.647,18.85,-0.0781,0
2.66,0.785,1,4,1,3.508,12.85,0.6259,0
2.73,0.585,1,1,4,5.0,24.94,0.4863,0
3.46,0.878,0,3,3,3.066,13.24,0.821,1
1.92,0.556,1,5,1,2.721,18.53,-0.2643,-1
2.87,0.933,2,5,1,4.317,19.57,0.2752,1
2.58,0.839,1,4,3,3.464,26.31,-0.5522,0
2.85,1.0,0,1,1,4.783,14.1,0.4665,1
1.93,0.655,0,2,2,3.381,12.08,0.0874,-1
1.33,0.805,0,2,1,2.927,7.01,0.2546,-1
0.94,1.0,1,1,4,1.238,25.31,0.0195,-1
1.71,0.999,1,1,4,1.418,18.53,-0.038,-1
2.23,0.716,2,2,4,1.181,18.72,-0.3775,-1
2.37,0.854,0,3,1,3.617,30.0,0.5347,1
4.0,0.82,1,2,2,1.702,17.95,0.9193,1
3.48,0.862,0,3,2,4.581,8.19,-0.2062,1
1.83,0.715,0,2,4,3.233,14.82,0.4044,-1
2.88,0.807,2,1,5,2.931,10.15,0.3377,1
2.27,0.58,2,5,2,2.272,13.62,0.1045,-1
2.37,0.84,1,3,4,3.884,13.58,-0.7396,-1
2.75,0.888,1,2,3,2.315,12.48,-0.6159,0
3.1,0.786,0,5,5,2.116,7.64,-0.3295,0
2.33,0.578,3,5,1,4.507,25.56,-1.0,-1
3.45,0.968,3,5,5,3.59,17.79,0.8744,-1
1.69,0.875,2,1,3,2.942,14.65,0.3022,-1
2.61,0.711,1,4,2,3.906,20.55,0.0835,0
4.0,0.778,0,5,1,3.21,18.83,-1.0,0
2.78,0.595,2,5,5,3.621,17.65,-0.9031,-1
3.75,0.666,2,2,5,2.301,20.11,0.0987,0
2.67,0.739,0,5,1,5.0,16.8,1.0,0
3.06,1.0,2,3,3,2.562,20.02,-0.2843,-1
2.55,0.724,3,3,4,4.912,20.52,0.5751,-1
2.46,0.916,2,3,3,2.992,16.98,-0.1639,-1
1.98,0.739,1,4,1,4.088,14.68,0.1304,-1
2.94,0.857,1,1,2,4.008,25.18,0.7681,1
1.92,0.799,1,3,2,4.462,13.13,-0.0903,-1
3.13,0.951,0,5,2,2.275,18.35,-0.2796,1
3.47,0.74,0,3,5,4.383,18.48,0.8799,1
2.89,0.584,2,2,2,5.0,12.34,0.1251,0
2.37,0.613,2,1,4,2.915,11.15,0.7002,-1
2.96,0.74,1,3,5,3.238,13.88,-0.2769,0
2.35,0.633,0,4,4,2.624,13.05,0.8737,-1
3.35,0.882,1,3,4,2.819,7.25,0.2505,1
1.13,0.75,4,5,1,5.0,12.09,0.3391,-1
2.33,1.0,1,4,1,2.095,17.6,0.1724,0
1.01,0.559,0,3,4,2.164,23.6,-0.178,-1
1.4,0.851,1,1,4,4.972,19.33,0.0991,-1
3.69,0.651,0,3,4,3.887,0.4,-0.1434,0
3.32,0.746,0,1,3,5.0,19.85,0.6278,1
2.02,0.841,1,4,3,2.705,12.65,-0.0117,0
1.4,0.471,0,1,1,3.339,18.72,-0.7231,-1
0.23,0.856,0,5,2,2.473,15.92,-0.8237,-1
2.17,1.0,0,2,3,3.358,14.84,-0.8497,1
4.0,0.752,1,3,1,1.248,15.39,0.4399,0
2.95,0.859,2,1,1,3.953,15.87,-0.5333,1
2.15,0.974,2,2,1,3.556,24.07,0.265,1
2.97,0.795,0,5,2,3.137,15.88,0.1751,0
1.35,0.733,0,2,5,2.771,22.51,0.0644,-1
2.36,0.479,4,3,4,2.216,21.64,0.3411,-1
2.68,0.916,1,5,5,4.0,20.0,0.1871,0
2.53,0.803,1,4,2,1.912,5.28,-1.0,0
3.23,0.668,0,1,3,3.763,22.7,-0.078,1
2.88,0.839,3,2,5,5.0,13.25,0.3338,-1
3.13,0.732,0,2,2,4.834,20.29,1.0,1
2.05,0.741,2,2,4,1.544,10.16,1.0,0
3.32,0.911,1,2,4,2.61,8.89,-0.6497,1
3.9,0.619,1,3,5,3.664,27.86,-0.0923,0
1.82,0.977,4,2,5,3.123,10.26,-0.7614,-1
1.89,0.61,2,2,4,1.661,22.88,0.9359,-1
3.67,0.721,2,3,3,3.624,16.71,0.6571,0
2.45,1.0,1,2,5,3.189,13.48,0.2928,1
3.72,0.989,1,2,4,5.0,15.73,0.1914,1
2.25,0.835,0,3,2,2.921,8.19,0.8593,1
3.76,0.679,2,5,4,4.485,15.92,0.7662,-1
2.71,0.741,3,3,3,1.806,9.5,0.7369,-1
2.81,0.831,1,3,2,2.069,13.63,0.3512,1
3.85,0.826,1,5,3,3.994,21.55,-0.0921,0
2.31,0.806,2,4,4,4.392,17.53,0.5219,-1
1.85,0.815,2,2,5,2.147,7.11,0.5488,-1
2.24,0.788,0,2,3,3.226,21.11,-0.0049,0
2.96,0.604,5,3,1,1.68,15.96,-0.0932,-1
1.35,0.743,0,3,5,3.001,12.75,0.7233,-1
3.11,0.957,2,1,3,4.121,20.48,1.0,1
2.17,0.615,1,1,2,2.722,15.0,-0.3122,-1
3.52,0.792,1,2,4,2.926,9.01,-0.0449,0
0.68,0.697,1,5,2,1.957,27.09,0.293,-1
1.97,0.837,0,4,2,2.487,15.9,0.3676,-1
1.25,0.762,2,5,5,5.0,15.51,-0.1873,-1
1.94,1.0,0,1,5,3.28,13.57,1.0,-1
2.8,0.896,1,3,3,2.097,23.08,0.3322,1
2.46,0.623,2,3,2,2.854,12.85,0.3923,-1
2.4,0.921,1,3,5,1.443,6.73,1.0,0
2.47,0.704,0,3,1,2.084,11.93,-0.147,0
2.76,0.733,3,2,4,4.696,23.96,0.0514,-1
1.79,0.867,0,1,3,3.043,20.99,-0.5893,-1
3.17,0.746,1,5,5,5.0,14.47,0.0052,0
3.13,0.954,1,5,3,3.095,24.24,-0.7189,0
2.91,0.704,3,1,5,3.16,20.49,0.5113,-1
3.05,0.727,1,3,1,3.905,14.4,0.331,0
2.84,0.722,3,3,4,0.26,15.0,-0.0524,-1
4.0,0.735,1,4,1,3.425,17.98,0.0448,0
2.53,0.985,2,5,4,3.146,11.01,0.5188,0
2.35,0.914,3,3,1,4.835,16.03,-0.5247,-1
2.0,1.0,1,4,5,4.261,17.85,0.2123,0
1.77,1.0,1,5,4,1.953,5.88,0.4847,-1
1.6,0.665,0,5,1,4.566,14.86,-0.8803,-1
1.89,0.831,1,2,5,2.911,14.18,0.4767,-1
2.54,0.644,1,5,2,2.205,22.17,-0.8207,-1
2.87,0.703,0,3,3,3.417,4.93,0.0353,0
2.64,0.725,1,1,1,2.977,13.71,-0.5399,0
1.99,0.661,2,4,1,4.892,13.11,0.8872,-1
3.32,0.662,3,5,2,3.575,21.76,-0.5364,-1
3.19,0.798,2,2,3,3.426,15.74,-0.8076,0
2.47,0.637,1,3,3,4.191,26.78,0.1733,-1
2.08,0.946,1,2,5,4.402,19.97,-0.1275,0
3.04,0.682,0,1,1,4.062,13.54,-0.7275,1
2.75,1.0,4,5,4,4.761,17.44,0.3892,-1
1.44,0.752,0,1,1,3.87,13.88,-0.9953,-1
2.55,0.831,0,3,2,3.384,21.16,-0.4699,0
2.81,0.626,1,1,1,4.563,8.01,-0.2164,0
1.88,1.0,1,4,1,3.1,11.06,0.5412,-1
2.75,0.988,0,5,3,3.237,18.73,0.8125,1
1.44,0.865,0,4,5,5.0,23.35,0.7065,-1
3.67,0.618,0,4,4,4.984,2.79,0.0157,0
3.6,0.852,0,5,5,3.191,24.25,-1.0,1
2.4,0.652,1,5,3,2.701,15.16,0.315,-1
2.89,1.0,2,5,1,4.809,4.7,0.9088,1
0.67,0.941,1,2,2,4.08,0.0,0.7786,-1
1.67,0.834,0,3,5,3.547,6.82,0.3546,-1
2.36,0.455,0,5,1,2.846,15.88,-0.5542,-1
1.74,0.672,2,2,1,3.565,15.6,-0.1889,-1
3.17,0.923,2,4,5,3.176,19.8,1.0,1
4.0,1.0,2,1,1,2.469,12.7,-0.6792,1
1.66,0.986,1,5,5,3.342,9.35,-0.5313,-1
1.93,0.581,0,4,4,3.492,13.52,0.6184,-1
2.79,0.865,2,4,4,2.787,16.2,-0.1371,0
3.89,0.972,1,5,3,4.194,17.38,-0.55,0
1.62,0.571,1,2,1,4.618,11.27,0.9404,-1
2.8,0.819,2,3,3,4.267,21.41,0.3536,1
4.0,0.861,0,5,5,2.896,12.27,-0.11,1
1.28,0.775,1,1,5,4.031,10.78,-0.5302,-1
1.58,0.542,0,5,3,3.286,12.75,1.0,-1
2.26,0.771,1,2,5,1.841,22.45,0.0866,0
2.18,0.771,1,3,4,3.94,15.2,0.8685,0
3.25,0.798,1,3,1,3.361,11.83,0.5915,0
2.79,0.735,0,4,4,5.0,21.56,-0.1865,0
1.18,0.754,0,5,4,4.803,28.86,-0.1821,-1
3.01,0.814,0,2,3,3.982,17.26,0.8955,1
2.14,0.886,0,1,4,3.474,23.4,0.9044,1
3.62,0.774,0,3,5,3.38,22.22,-0.9323,0
2.1,0.759,0,4,3,2.096,12.37,0.4024,0
2.09,0.834,1,4,2,1.287,16.16,0.0333,0
3.03,0.532,0,4,5,2.24,8.3,-0.4683,-1
3.21,0.892,0,2,5,3.148,14.77,0.244,1
2.96,0.82,3,5,4,0.884,12.24,-0.6423,-1
1.25,0.826,1,1,4,2.601,13.58,-0.1566,-1
3.03,0.964,0,1,1,2.928,11.5,-0.3392,1
1.77,0.527,1,1,3,2.963,14.28,-0.1749,-1
2.79,0.524,0,5,1,2.472,19.19,0.0607,0
1.46,0.861,1,1,3,2.824,15.28,-0.4586,-1
2.96,0.819,0,4,5,5.0,4.81,0.9652,1
1.95,0.846,2,5,2,3.928,11.52,0.3713,-1
1.57,0.751,1,4,5,2.584,6.88,1.0,-1
3.17,0.92,0,5,1,3.125,17.46,0.012,1
2.79,0.96,1,1,1,3.169,19.02,-0.2018,0
2.11,0.893,1,3,5,2.355,17.54,1.0,0
3.76,0.781,0,3,1,2.354,11.28,-0.2179,0
2.25,0.504,0,4,4,4.312,17.48,0.0019,-1
2.63,0.935,0,4,4,2.738,13.18,0.496,1
2.82,1.0,2,3,2,1.996,9.17,-0.5807,-1
2.1,0.917,0,2,1,3.153,20.45,0.4912,1
2.98,0.688,1,1,2,3.33,20.91,0.4208,1
2.17,0.921,2,3,1,1.03,21.69,0.7981,-1
2.27,0.949,0,2,4,3.155,12.35,0.5895,1
3.69,1.0,0,3,5,4.155,23.08,0.815,1
1.77,0.689,0,4,5,3.696,13.04,0.0393,-1
0.67,0.786,2,3,5,5.0,19.92,-0.3745,-1
3.89,0.932,2,3,4,4.576,12.93,1.0,1
4.0,0.829,0,1,5,4.794,14.66,-0.7397,1
2.28,0.652,0,4,4,5.0,1.47,-0.6846,-1
1.05,0.882,1,3,4,4.034,14.19,0.4108,-1
2.35,0.907,4,1,5,3.379,16.55,0.9937,-1
2.37,0.833,5,2,2,4.271,13.54,0.2043,-1
2.45,0.853,1,4,3,2.585,26.54,0.6496,0
1.71,0.781,1,5,5,3.318,9.03,-0.9977,-1
3.06,1.0,3,3,2,2.487,12.62,-0.1747,-1
3.02,0.685,4,5,2,3.638,10.57,-0.9307,-1
1.4,0.732,1,1,1,2.483,12.62,0.5292,-1
3.16,0.822,1,2,2,2.444,22.19,-0.751,1
4.0,0.952,2,5,3,3.655,24.87,-0.6028,-1
2.74,0.595,0,1,5,3.049,11.8,0.3827,1
2.33,0.623,0,4,1,1.08,11.66,0.684,-1
2.49,0.514,2,2,4,1.599,9.06,0.0126,-1
3.09,0.825,1,2,4,1.938,23.84,0.4136,1
1.22,0.652,1,3,5,2.229,22.73,0.3958,-1
2.73,0.762,0,2,4,3.656,15.36,-0.0185,0
2.29,0.919,0,5,1,3.441,7.62,-0.5021,-1
4.0,0.724,1,5,3,4.372,8.16,0.4107,0
2.46,0.855,1,3,5,4.028,17.02,0.4372,0
3.93,0.775,0,3,5,4.379,19.3,0.5917,1
1.72,0.921,0,1,4,3.869,3.6,0.2716,-1
3.07,0.891,0,2,5,3.431,14.07,-0.5427,1
2.86,0.716,1,1,4,4.409,25.71,0.4797,1
1.9,0.795,1,5,1,4.211,14.69,0.0992,-1
2.74,0.977,0,2,5,3.614,24.94,-0.1655,1
3.57,0.879,0,2,1,4.598,19.89,-0.062,1
2.34,0.61,0,5,2,0.62,9.49,-0.2796,-1
1.25,0.918,2,4,2,2.88,14.24,0.5889,-1
2.59,0.657,4,4,4,2.864,15.23,-0.68,-1
1.88,1.0,2,1,1,4.468,10.28,-0.4464,-1
2.33,0.974,1,3,4,4.929,10.18,-0.0808,0
2.53,0.863,2,3,5,1.605,25.04,0.9876,0
1.24,0.844,2,2,4,4.752,10.14,0.6799,-1
1.31,0.789,3,4,2,1.911,22.47,-0.8025,-1
2.99,0.922,0,5,5,1.945,13.38,0.8432,1
2.18,0.764,1,2,2,2.942,15.85,0.8422,0
0.55,0.855,0,2,4,2.85,19.37,-0.5457,-1
3.23,0.951,0,2,3,1.486,12.41,-1.0,1
2.82,0.736,0,5,1,3.915,19.41,0.0603,0
2.03,0.728,1,1,1,3.947,3.72,0.7173,0
1.55,0.641,2,5,1,4.359,18.64,0.9752,-1
3.27,0.66,0,4,5,2.723,1.19,-0.379,-1
2.88,0.546,0,3,5,3.156,14.64,1.0,1
4.0,0.929,0,3,3,3.167,21.13,-1.0,1
2.94,1.0,0,5,5,5.0,19.73,-0.1024,1
2.91,1.0,0,4,1,0.082,8.21,-0.1295,1
2.47,0.576,0,2,5,2.147,8.98,0.7338,1
3.25,0.929,0,1,2,3.206,11.87,0.8141,1
3.1,1.0,3,4,1,2.006,17.12,0.6248,-1
3.6,0.751,1,1,4,2.916,3.81,-0.6428,0
2.18,0.835,1,1,2,3.061,15.92,0.5744,1
2.25,0.519,1,5,2,2.477,17.87,0.38,-1
2.22,0.86,1,3,4,3.271,14.3,-0.8192,-1
3.23,0.66,3,4,2,3.891,19.15,-1.0,-1
3.8,0.85,1,2,4,2.94,17.34,0.6709,1
2.23,0.586,2,1,1,2.701,12.75,0.0009,-1
2.26,0.901,0,1,1,3.018,4.38,-0.6069,1
2.85,0.974,2,2,2,3.192,16.8,-0.0145,1
2.4,0.703,1,1,4,1.286,10.28,0.3002,0
3.36,0.649,1,3,2,3.708,12.53,0.0544,0
0.8,0.497,1,2,1,2.704,18.87,-0.7536,-1
1.94,0.78,0,3,4,4.588,24.5,1.0,-1
1.97,0.733,1,3,3,3.85,15.77,0.6523,-1
0.74,0.587,2,2,3,4.487,19.32,-0.0845,-1
1.83,0.888,2,3,2,2.088,7.33,-0.0623,-1
1.87,0.753,2,1,1,2.791,17.47,0.2977,-1
2.44,0.659,0,2,1,1.833,15.64,-0.5213,-1
3.49,0.737,1,5,4,2.424,23.38,0.2775,0
2.4,0.981,0,5,1,4.577,12.76,-0.6319,-1
1.78,0.91,1,3,2,4.836,14.55,0.0612,-1
2.55,0.8,0,5,5,1.937,22.35,-0.5427,0
3.44,0.913,1,3,2,2.696,15.45,-0.5149,0
1.82,0.646,1,1,4,3.116,9.35,1.0,-1
1.87,0.825,1,5,2,3.844,30.0,0.1326,-1
3.05,0.842,1,3,5,1.264,9.53,0.2141,1
2.42,0.75,1,4,5,1.437,15.61,-1.0,-1
3.12,0.885,1,4,3,3.739,18.08,-0.2284,0
2.59,0.703,1,2,4,1.056,17.61,0.3537,0
3.16,0.896,1,4,3,2.709,14.86,0.2068,1
1.77,0.903,0,3,5,3.378,14.89,-1.0,-1
2.59,0.382,0,2,2,3.657,14.59,0.2139,1
2.43,0.999,2,2,5,3.044,9.3,0.3016,1
1.63,0.363,1,4,4,2.798,28.9,0.8061,-1
1.35,0.728,1,2,4,4.129,14.68,-0.2604,-1
3.15,0.974,2,1,2,3.514,19.58,-1.0,1
2.32,0.772,1,5,5,2.488,13.99,-0.4482,-1
1.78,0.6,3,2,4,3.241,13.87,-0.5034,-1
2.52,0.656,0,4,5,3.621,13.27,0.5052,0
3.5,0.974,1,4,5,5.0,6.7,-1.0,0
0.78,0.532,2,5,1,4.065,15.04,-0.1466,-1
1.4,0.989,0,4,5,4.536,13.56,0.8842,-1
1.86,0.812,1,4,5,2.528,23.03,0.104,-1
3.77,0.641,0,5,2,2.623,8.82,0.593,1
2.83,0.733,0,5,5,2.941,12.54,-0.803,0
3.21,0.667,2,1,3,3.042,10.61,-0.7811,-1
1.69,0.95,1,4,2,2.091,24.66,0.8905,-1
1.7,0.93,3,1,2,4.593,10.78,0.1557,-1
2.96,0.562,1,5,2,4.172,19.37,0.1568,0
2.65,0.759,1,1,1,2.864,21.82,-0.515,0
3.04,0.691,1,2,4,3.906,15.12,0.1554,0
2.45,1.0,1,1,4,3.445,7.74,-0.5303,0
2.82,0.617,1,4,4,3.992,7.82,0.7528,0
2.73,1.0,0,1,3,1.721,21.16,1.0,1
3.22,0.815,1,1,2,3.04,8.44,0.3662,1
3.25,0.646,1,3,4,3.136,18.35,-0.2492,-1
1.3,0.718,1,5,5,3.886,16.69,-1.0,-1
0.8,0.7,1,3,1,2.509,18.26,-0.8265,-1
3.4,0.629,2,3,2,0.45,18.83,0.9552,-1
3.55,0.834,1,4,5,2.01,10.4,-0.4661,0
1.78,0.636,1,3,5,3.133,10.15,-0.104,-1
1.11,0.493,0,2,5,3.27,20.29,0.4604,-1
2.68,0.763,1,3,1,5.0,12.22,0.9153,0
3.34,0.55,0,1,3,3.841,0.0,-0.0098,1
4.0,0.707,0,2,1,3.29,19.89,-0.1226,1
3.01,0.684,0,4,5,3.164,9.78,0.1394,0
2.3,0.689,0,2,3,4.415,18.8,-0.2452,-1
1.89,1.0,1,1,2,2.551,24.36,-0.2156,-1
2.61,0.828,1,1,1,3.046,16.1,0.3265,1
2.36,0.857,0,5,4,2.002,21.97,0.2019,1
1.79,0.554,1,2,5,4.761,16.92,1.0,-1
4.0,0.722,3,1,5,3.632,25.52,0.3414,-1
4.0,0.852,0,4,5,2.422,9.63,0.7331,1
3.51,0.666,3,3,5,3.074,15.95,-0.4892,-1
1.86,0.956,1,3,4,3.761,20.04,0.3888,-1
3.28,0.64,0,5,5,2.924,14.86,-0.2976,-1
3.11,0.777,1,2,5,2.612,22.91,0.3175,1
2.95,0.732,0,3,3,2.48,13.41,0.4787,1
3.6,0.845,0,4,4,3.573,28.42,0.1274,1
3.11,0.724,1,4,5,2.806,28.73,1.0,0
3.19,0.779,1,2,1,2.701,17.69,0.8854,1
3.11,0.785,1,4,4,1.73,19.32,0.7475,0
2.87,0.71,1,4,2,3.285,23.15,0.5204,0
1.17,0.893,0,1,1,3.001,8.88,1.0,-1
2.67,0.856,0,1,1,2.846,8.13,-0.6903,1
2.16,0.807,0,4,1,3.419,23.54,0.8537,1
1.58,0.755,0,1,5,4.023,17.64,-0.4452,-1
3.95,0.939,1,5,4,3.972,14.64,-0.2104,0
3.98,0.785,0,1,1,3.808,16.07,0.4088,1
3.69,0.774,1,5,4,2.935,1.68,0.7783,0
2.8,0.836,0,4,4,2.576,14.86,-0.5345,1
3.68,1.0,1,3,3,2.052,11.48,-0.1819,0
2.61,0.619,0,2,4,2.548,21.51,0.1536,0
2.76,0.935,4,2,5,3.222,21.97,-0.0025,-1
1.73,0.536,0,4,3,2.335,19.46,0.5697,-1
2.92,0.853,0,4,4,3.306,18.37,1.0,1
2.65,1.0,0,2,3,2.138,7.02,0.3306,1
1.56,0.893,0,3,2,1.373,19.54,-0.3044,-1
2.56,0.846,0,5,5,4.101,19.78,-0.6131,0
2.54,0.736,1,2,3,2.678,23.47,-0.0789,0
4.0,0.825,0,4,4,2.279,28.71,-0.4171,1
3.32,0.782,1,1,4,1.997,5.84,0.3572,1
2.61,0.702,1,5,4,3.665,13.67,0.3486,0
2.8,0.777,1,1,4,4.712,11.55,-0.1547,0
2.64,0.85,1,2,4,2.757,17.04,1.0,1
2.44,0.705,0,3,3,2.963,16.08,-0.3045,-1
1.73,0.699,1,2,4,4.379,14.6,0.0343,-1
2.48,0.616,0,1,3,1.209,22.17,0.4515,1
2.0,0.879,1,4,2,5.0,9.39,0.5906,0
1.6,0.902,1,1,4,5.0,9.75,0.8027,-1
3.01,0.855,0,5,5,0.223,9.85,0.3357,1
2.91,0.965,1,1,4,3.093,13.84,0.678,1
1.17,0.833,1,2,4,2.409,8.63,-0.2658,-1
2.5,0.879,0,5,5,2.909,15.71,0.6049,1
3.4,0.866,0,1,2,2.74,15.01,0.5976,1
3.45,0.806,4,1,1,4.093,11.28,0.9321,-1
3.42,0.74,2,4,2,3.076,21.24,-0.8176,-1
2.63,1.0,0,1,4,2.198,15.64,-0.399,1
1.92,0.752,1,5,5,3.011,22.38,0.5527,-1
1.73,0.72,0,3,3,3.766,14.83,-1.0,-1
2.88,0.885,1,5,4,1.898,15.85,0.3706,1
2.9,0.858,1,2,1,1.389,12.62,0.6829,1
3.63,0.609,1,1,4,5.0,15.96,-0.217,0
3.48,0.988,1,5,4,2.493,20.27,-0.1366,0
2.49,0.806,2,4,3,3.049,13.53,-0.4908,-1
1.6,0.653,0,5,4,2.762,19.11,-0.1869,-1
2.34,0.998,0,2,3,3.803,11.12,-0.1709,1
2.77,0.914,0,3,3,5.0,20.55,-0.2756,0
2.44,0.63,3,3,4,3.838,12.52,-0.3057,-1
2.14,1.0,2,3,4,1.53,21.11,-0.0491,-1
2.8,0.919,0,2,2,1.677,16.37,-0.0557,1
2.2,0.818,2,2,2,2.761,25.13,1.0,1
2.1,1.0,2,4,3,2.905,9.08,-0.1168,-1
2.85,0.844,1,1,2,1.306,7.14,0.2893,1
2.28,0.816,1,2,2,4.101,12.3,-0.2173,0
2.8,0.721,2,2,2,2.005,7.69,-0.2243,0
2.82,0.907,1,1,2,4.843,7.7,-0.8374,1
1.69,0.891,1,1,3,5.0,19.73,-0.7643,-1
2.22,0.822,0,3,3,2.927,15.97,-0.5638,-1
3.75,0.702,1,1,4,3.683,13.12,0.201,1
1.67,0.839,1,2,2,1.845,13.68,0.6919,-1
0.91,0.81,1,3,5,3.886,12.42,-0.8827,-1
1.11,0.62,0,5,3,2.652,25.9,-0.202,-1
2.62,0.599,1,1,4,2.004,11.59,-0.6518,0
2.62,0.905,2,3,1,2.882,8.07,-0.0454,0
2.51,0.43,1,1,1,2.688,20.78,0.6917,0
3.57,0.851,0,3,3,2.842,14.71,-0.1458,1
0.46,0.748,0,3,2,4.245,28.23,0.0739,-1
2.92,1.0,2,4,3,2.336,12.84,0.9004,1
3.85,0.746,0,3,1,5.0,21.08,0.3518,1
1.7,0.919,0,5,3,1.742,22.49,-0.3181,-1
2.3,0.76,1,1,4,4.977,12.87,0.1874,0
2.0,0.837,2,1,4,2.082,11.54,-0.3552,-1
1.88,0.931,2,1,2,3.199,20.45,0.3313,-1
2.34,0.751,1,2,2,2.661,19.45,0.3834,0
3.74,0.969,3,1,3,2.822,7.54,-0.6519,-1
4.0,0.671,0,1,3,4.081,9.23,0.1963,1
2.33,0.864,2,2,4,4.85,0.78,0.0353,0
4.0,0.958,1,5,2,4.51,19.57,0.3996,1
2.63,0.919,2,5,4,2.755,14.43,0.5572,0
4.0,1.0,2,1,5,3.403,15.03,0.3626,1
2.53,0.705,1,5,2,2.34,5.85,-0.0668,0
2.7,0.613,1,2,5,2.109,9.41,0.6133,0
2.89,0.671,1,3,2,1.939,13.13,-0.3802,-1
4.0,0.919,3,2,2,2.719,11.97,-0.6263,-1
3.28,0.895,1,3,4,3.475,16.71,-1.0,0
2.03,0.835,1,4,4,1.097,19.5,0.0614,0
3.38,0.652,2,4,3,3.149,29.62,-0.3519,-1
2.31,0.935,1,3,2,4.868,15.88,0.3188,0
2.21,0.636,1,4,1,4.434,22.69,-0.9842,-1
3.33,0.994,1,4,5,2.556,11.02,-0.2559,0
2.62,1.0,0,1,5,1.663,5.95,0.3586,1
2.82,0.875,0,2,5,3.706,13.89,-0.4664,1
2.61,0.907,1,1,3,0.651,6.41,0.3251,1
2.87,0.746,1,4,5,4.421,16.09,-0.2064,0
2.94,0.548,1,3,3,2.965,11.32,0.082,0
1.05,0.73,1,4,1,5.0,4.27,0.4273,-1
3.13,0.656,0,3,1,1.3,26.42,0.624,1
1.81,0.603,1,2,2,4.21,12.77,0.1509,-1
1.45,1.0,1,1,2,3.089,6.17,-0.3477,-1
2.55,0.861,1,5,5,2.836,21.39,-0.1519,0
2.67,0.877,1,2,2,1.693,11.63,0.4503,1
2.05,0.774,1,1,4,3.855,22.54,-0.4617,0
3.26,0.794,0,2,2,3.944,11.6,0.0021,1
1.53,0.965,1,5,4,5.0,12.75,-0.1122,-1
2.27,0.815,2,2,3,4.309,18.07,0.0432,0
2.13,0.9,1,5,1,2.547,19.56,-0.4551,-1
2.56,0.791,2,3,3,2.096,20.61,-0.9186,-1
2.82,0.769,4,5,1,1.695,15.46,0.3864,-1
1.79,0.609,1,4,5,4.821,19.17,0.6303,-1
3.18,0.523,2,1,4,2.344,20.47,-0.8857,-1
2.65,0.781,0,3,5,4.828,17.2,0.3029,0
1.09,0.828,0,3,5,3.778,15.14,0.6958,-1
1.03,0.627,1,2,2,3.563,7.33,0.4278,-1
2.59,0.815,2,3,4,2.862,19.6,-0.1292,0
2.42,0.828,0,1,1,3.927,16.25,-0.4189,1
2.52,0.497,1,4,5,3.183,13.52,0.1445,0
2.58,0.683,1,5,4,2.794,23.67,0.2363,0
2.78,0.881,0,1,4,3.966,7.43,0.1527,1
3.36,0.878,0,3,5,3.042,25.86,0.0009,1
1.71,0.647,1,4,5,2.322,15.87,-0.4955,-1
1.66,0.844,2,1,5,3.86,17.91,0.3325,-1
1.73,0.973,0,2,1,3.13,13.63,0.359,-1
2.83,0.937,0,2,1,3.738,6.0,0.2105,1
3.6,0.806,1,1,5,2.701,15.16,0.161,1
2.25,0.75,1,5,2,1.87,18.01,1.0,0
0.6,0.726,1,3,3,5.0,20.06,-0.2434,-1
1.24,0.89,1,4,1,4.901,14.81,0.8048,-1
1.93,0.849,1,3,4,4.172,2.84,-0.3037,-1
2.15,0.914,2,5,5,2.773,6.75,0.7099,-1
2.27,0.84,0,5,5,2.87,28.31,0.7784,1
2.63,0.943,0,4,3,4.721,9.44,-0.0612,0
2.35,0.834,0,2,4,2.811,24.56,1.0,1
3.44,0.938,0,3,3,2.504,10.4,0.358,1
2.06,0.951,2,5,3,5.0,14.91,-0.3825,-1
1.91,0.699,1,3,3,3.148,19.75,-0.1058,-1
2.98,0.549,1,3,5,5.0,11.08,0.723,0
1.37,1.0,2,1,2,1.662,25.55,0.6077,-1
2.91,0.858,0,5,3,3.77,16.45,-0.4819,1
2.68,0.563,1,4,4,5.0,18.77,0.0234,0
2.48,0.713,1,2,3,3.233,14.39,0.2119,0
3.87,0.936,2,3,1,2.91,19.95,-0.1792,0
2.1,0.778,1,3,2,1.915,25.47,1.0,0
4.0,0.743,0,1,4,4.391,15.21,0.2285,1
2.42,1.0,1,5,4,2.353,26.38,0.066,0
1.58,0.663,0,5,4,3.096,12.33,0.755,-1
2.66,0.7,1,5,5,1.842,20.58,-0.1009,0
1.74,0.852,0,2,4,4.913,18.93,0.6541,-1
2.0,0.879,0,2,3,4.47,9.59,-0.8173,1
2.92,0.894,2,1,2,3.165,17.28,-0.1495,1
3.04,0.957,0,4,2,1.93,16.04,0.677,1
2.1,0.85,2,2,5,4.889,10.88,0.9636,1
3.39,0.893,2,5,3,2.797,18.15,-0.3253,-1
3.53,0.781,2,5,4,1.984,16.88,-0.3894,-1
3.75,0.829,1,1,1,1.262,15.56,0.4121,1
3.02,0.836,3,5,1,2.489,15.59,-0.2427,-1
3.69,0.852,2,1,2,1.6,15.46,-0.0477,1
1.1,0.936,0,3,1,2.515,13.79,0.582,-1
2.35,0.903,1,3,4,4.019,16.84,-0.1993,0
1.91,0.827,0,5,4,2.787,12.14,-0.981,-1
2.7,0.699,1,4,3,3.591,30.0,-0.6156,-1
2.14,0.83,0,5,2,2.404,7.54,0.1055,0
2.47,0.816,1,3,3,3.272,12.49,-0.9249,-1
4.0,0.849,1,5,1,5.0,12.97,-0.0634,0
2.46,1.0,1,5,3,2.817,28.24,-0.6657,-1
2.93,0.741,2,5,1,3.623,8.08,1.0,0
2.41,0.883,0,3,1,1.478,18.56,1.0,1
2.66,0.98,0,2,1,4.872,17.49,-0.482,1
2.6,0.835,2,5,1,2.675,18.0,0.2412,0
2.96,1.0,1,4,3,4.356,23.42,-0.4282,0
3.53,0.763,1,5,3,3.065,23.29,-0.0701,0
3.92,0.869,1,3,4,3.873,13.29,1.0,1
2.85,0.7,1,5,3,3.938,17.16,-0.1567,0
3.07,0.767,0,4,1,2.702,4.82,-0.0573,0
1.68,0.857,0,4,1,4.401,16.59,-0.4184,-1
2.53,0.947,1,1,4,2.365,11.24,0.7304,1
3.35,0.868,2,3,5,4.056,14.88,-1.0,-1
3.29,1.0,1,4,2,2.771,5.89,-0.1435,0
2.77,0.806,1,4,2,3.585,18.43,0.0748,0
3.31,0.77,4,5,2,2.692,5.82,-0.2636,-1
2.99,1.0,2,2,2,3.255,16.89,0.575,1
3.56,0.879,0,2,2,2.018,8.64,0.7611,1
2.83,0.712,0,5,3,3.472,10.9,-0.6766,0
2.32,0.716,1,5,4,3.249,22.93,1.0,0
2.87,0.679,3,1,4,2.606,19.53,-0.6828,-1
0.26,0.96,1,2,5,3.139,22.9,0.8087,-1
2.91,0.765,2,5,2,3.347,25.36,0.1824,0
0.0,0.839,0,1,3,2.522,11.36,-0.177,-1
1.22,0.81,0,4,2,3.058,24.99,-0.1252,-1
2.96,0.93,2,1,1,2.094,7.21,0.0816,1
2.98,0.693,0,1,2,5.0,20.48,0.2146,1
1.67,0.659,1,4,2,4.365,13.04,-0.4061,-1
2.03,0.854,4,4,3,3.5,10.42,-0.0287,-1
3.7,0.91,1,3,1,4.489,19.69,-0.3239,0
2.21,0.87,0,5,4,1.023,21.67,-0.5683,-1
4.0,0.699,1,2,5,0.387,21.49,-0.3495,0
2.6,0.922,3,3,5,2.761,17.29,-0.5325,-1
2.93,0.708,1,4,1,1.684,16.79,-0.1311,0
3.89,0.742,0,4,1,2.94,19.16,0.3379,1
2.7,0.678,1,2,5,3.426,17.82,0.1664,0
1.8,1.0,2,4,5,4.212,19.25,1.0,-1
2.51,0.915,1,3,3,1.948,17.22,-1.0,0
2.57,0.911,0,3,2,3.64,21.06,0.3581,1
1.51,1.0,1,5,3,3.216,6.24,0.1035,-1
2.4,1.0,0,2,3,3.582,15.21,0.5486,1
2.01,0.564,1,4,5,2.628,7.7,0.4941,-1
3.34,0.709,1,5,3,4.721,17.66,0.0093,0
2.63,0.728,1,4,1,3.086,25.85,0.195,0
2.37,0.692,1,5,4,5.0,13.16,-0.3092,-1
2.52,0.658,1,3,4,2.331,16.76,0.4375,0
2.78,0.775,0,2,2,4.017,20.54,-0.9334,0
3.09,0.638,2,5,1,3.134,3.59,0.5273,-1
1.8,0.87,0,4,1,2.839,12.87,0.0873,-1
1.77,0.828,0,2,5,3.896,18.19,-0.1679,-1
3.48,0.892,2,2,3,2.871,0.0,-0.0279,1
2.27,0.896,2,2,3,0.272,10.14,0.0124,0
1.47,0.91,0,5,5,0.0,22.61,0.8135,-1
2.96,0.764,1,1,1,4.6,22.02,1.0,1
2.97,1.0,1,4,2,4.553,18.25,0.7709,1
1.38,0.855,3,3,5,5.0,21.29,-0.2109,-1
2.78,0.541,0,1,3,3.181,17.29,0.4464,1
3.19,0.67,1,4,1,1.778,19.33,0.4703,0
2.9,0.559,1,4,4,2.738,14.11,-0.4088,-1
3.11,0.823,1,4,1,3.213,16.69,-0.5934,0
1.48,0.802,1,3,4,2.092,12.21,0.0652,-1
2.86,0.75,1,2,4,5.0,23.58,0.5442,1
2.36,1.0,0,1,5,5.0,25.13,-0.7865,1
2.21,0.902,2,1,3,3.726,24.28,-0.2965,-1
3.3,0.929,0,2,2,3.188,13.55,0.415,1
3.78,0.68,1,4,5,1.776,10.28,0.1229,0
4.0,0.67,0,1,3,4.901,23.66,0.879,1
3.65,0.826,1,5,4,3.284,19.26,-0.6763,0
2.51,0.846,1,3,1,2.882,17.97,1.0,0
2.88,0.542,0,2,4,3.729,12.2,-0.7459,1
3.21,0.793,0,5,3,2.556,18.55,-1.0,0
2.7,0.822,0,1,2,3.362,9.49,0.0676,1
2.7,0.788,0,5,4,1.613,19.8,-0.524,0
3.26,0.698,0,2,1,4.396,24.27,0.0787,1
2.55,0.739,2,2,4,3.085,25.79,0.0595,0
2.02,0.793,1,3,5,4.475,20.25,-0.0077,0
2.27,0.834,1,5,3,2.979,7.71,-0.3633,-1
3.11,0.911,0,2,1,3.05,17.18,0.338,1
2.6,0.982,0,5,3,1.866,28.84,-0.0745,0
2.87,0.776,0,2,3,4.036,10.79,0.707,1
3.14,0.752,0,2,3,2.237,15.64,0.0008,1
2.3,0.886,2,4,2,2.665,24.48,-0.4306,-1
3.2,0.912,1,4,4,3.201,19.7,-0.8282,0
2.9,0.755,1,2,2,3.333,30.0,0.0053,0
1.61,0.939,0,1,3,1.323,11.6,-0.5981,-1
3.75,0.967,3,2,3,2.946,10.06,-0.6425,-1
2.2,1.0,1,3,4,4.075,23.34,0.3901,0
1.28,1.0,0,1,4,2.784,8.82,-0.8777,-1
1.76,0.69,1,1,5,2.953,14.82,0.8767,-1
1.78,0.822,1,5,4,3.379,15.61,0.1878,-1
2.64,0.822,1,1,4,3.061,22.22,0.0759,0
2.38,0.805,1,3,5,2.066,19.69,-0.4691,-1
2.33,0.723,0,4,2,3.16,18.74,0.5204,0
3.1,0.597,0,2,2,4.293,13.59,0.0984,1
2.87,0.834,2,3,3,2.044,23.29,-0.2774,-1
2.85,0.705,1,1,3,2.788,30.0,0.2099,1
2.93,0.833,1,4,4,1.68,20.15,-0.8255,0
3.09,0.701,1,4,1,4.236,16.6,-0.7994,0
0.91,0.655,1,5,1,3.098,8.21,-0.5161,-1
2.31,0.855,3,5,4,2.265,12.18,0.2922,-1
0.86,0.843,1,2,5,3.301,14.72,0.0982,-1
2.63,0.907,1,1,2,1.876,12.79,0.6769,1
2.6,1.0,1,2,2,2.063,15.9,-0.406,0
3.44,0.862,0,1,3,1.594,26.67,0.4161,1
3.55,0.893,1,3,3,2.027,23.48,0.0374,0
2.76,0.658,2,1,1,4.693,15.05,-0.4187,-1
2.2,0.627,0,5,3,2.394,8.75,0.3119,-1
2.99,1.0,0,4,5,3.713,24.02,0.0637,1
2.18,0.681,1,2,4,2.28,15.71,-0.246,-1
2.6,0.663,2,5,5,4.035,5.64,0.1231,-1
3.39,0.814,1,4,4,2.071,20.27,0.0288,0
2.15,0.806,1,3,5,3.243,22.15,0.0155,0
3.24,0.685,1,1,2,3.258,1.44,-0.1269,0
3.14,0.774,0,2,1,5.0,11.05,-0.6177,1
1.84,1.0,1,3,1,3.893,15.34,0.1411,-1
3.38,0.699,1,4,5,2.548,20.41,-0.3415,-1
3.16,0.611,1,2,4,3.954,12.91,-0.4612,0
2.68,0.961,0,4,2,5.0,11.01,-0.0324,0
1.99,0.894,0,2,5,1.407,20.36,0.5037,-1
1.91,0.727,1,2,2,2.273,13.19,0.2021,-1
2.17,0.583,1,3,3,2.939,19.25,-0.1921,-1
3.03,0.708,0,1,2,2.741,9.33,-0.2142,1
1.84,0.812,1,3,1,2.834,7.89,0.4497,-1
2.95,0.995,2,2,2,1.765,20.53,-1.0,1
1.61,0.665,2,2,2,4.744,17.52,0.5386,-1
2.44,0.807,2,4,3,1.635,21.53,-0.9307,-1
2.69,0.921,1,2,1,2.98,12.8,-0.6785,0
4.0,0.463,1,4,2,4.35,11.23,-0.1828,0
1.5,0.975,2,4,3,3.167,24.16,1.0,-1
3.78,0.643,0,4,2,2.123,6.86,1.0,1
2.72,0.87,0,2,4,1.716,23.51,0.4886,1
2.93,0.857,0,5,4,2.947,23.92,0.2961,1
2.69,0.983,2,2,5,2.367,21.16,-0.9243,0
2.96,0.903,0,2,5,3.426,11.87,0.1862,1
2.48,0.463,1,5,2,1.658,11.1,-0.2021,-1
3.76,0.702,1,2,4,4.094,14.74,-0.3492,0
2.23,0.841,0,4,4,3.327,8.23,0.1851,0
3.51,0.791,1,1,3,3.409,10.23,-0.1591,0
2.08,0.892,1,4,4,4.785,19.87,0.5781,0
2.55,0.938,3,5,1,2.718,19.9,-0.9648,-1
1.74,0.911,2,4,2,2.402,9.7,0.1413,-1
2.96,0.788,0,3,5,2.597,20.06,-0.3835,0
3.76,0.543,1,5,5,2.988,18.73,-0.1253,0
2.54,0.752,2,2,1,3.1,25.06,0.2675,0
2.44,0.882,1,2,3,2.286,19.41,-0.5145,0
1.71,0.656,0,1,2,0.975,22.35,0.1903,-1
2.42,0.915,1,4,1,2.583,18.86,-0.0168,0
1.33,0.956,0,4,1,3.596,21.88,-0.2633,-1
1.87,0.839,1,4,3,3.35,8.28,-0.1588,-1
2.78,0.36,1,4,4,4.52,15.27,0.015,0
3.66,0.628,1,1,3,5.0,15.77,-0.3223,0
4.0,1.0,4,4,2,4.035,14.54,0.1039,-1
2.13,0.738,2,4,4,4.721,18.66,-0.053,-1
3.75,0.522,2,2,4,4.043,19.81,-0.2362,-1
2.8,1.0,1,3,5,5.0,18.35,0.9744,1
2.48,0.822,0,5,2,5.0,14.94,0.3284,1
2.95,0.986,0,3,2,4.246,11.59,-0.1105,1
2.65,0.862,2,4,3,3.977,22.58,0.1802,0
2.69,0.889,0,3,3,2.974,18.1,-0.4648,0
2.27,0.874,1,4,3,3.155,9.89,-0.1402,0
1.48,0.925,4,4,5,2.828,14.84,-0.076,-1
1.37,1.0,1,4,1,3.883,5.54,-0.5857,-1
3.12,0.966,0,4,3,2.408,16.21,0.313,1
2.38,0.583,2,5,3,2.99,14.81,-0.1781,-1
2.12,0.887,1,2,2,0.609,12.55,-0.0955,0
2.61,0.991,0,5,4,5.0,25.51,-0.2128,0
3.24,1.0,0,4,5,2.957,9.06,1.0,1
2.74,0.756,0,3,3,3.701,20.24,-0.2644,0
2.08,0.995,1,2,1,4.804,29.12,-1.0,0
3.58,0.959,1,3,1,3.53,22.46,-0.78,0
3.86,1.0,3,4,3,4.789,15.81,0.5176,-1
3.0,0.707,2,2,4,1.834,9.2,0.835,1
3.38,0.744,0,2,2,5.0,7.83,-0.275,1
3.59,0.774,0,5,2,4.396,13.53,0.8034,1
3.5,0.746,0,3,5,3.43,11.88,0.5079,1
3.09,0.686,1,4,1,4.768,11.68,-0.0042,0
3.08,0.406,0,1,1,1.915,14.04,-0.0432,1
3.02,0.755,1,1,1,2.883,15.39,0.1995,0
1.72,0.875,0,5,5,4.789,18.91,0.5826,-1
3.16,0.746,1,1,3,1.146,8.57,0.3185,1
1.52,1.0,0,4,1,3.817,11.91,-0.2722,-1
1.96,0.822,0,5,2,3.785,15.04,0.0042,-1
3.64,1.0,0,3,5,5.0,14.83,1.0,1
3.27,0.859,1,5,4,1.459,27.02,0.2382,1
3.79,0.944,0,3,2,4.971,17.39,0.5781,1
2.38,0.862,2,5,2,2.585,6.32,0.3969,-1
1.68,1.0,0,2,1,2.708,18.51,0.2503,-1
2.41,0.828,2,3,4,1.856,19.27,0.1598,-1
2.68,0.894,0,2,1,2.003,15.25,0.5936,1
2.66,0.875,0,4,2,3.644,8.72,0.4953,1
3.51,0.777,1,1,2,1.976,26.55,0.2451,1
2.31,0.881,1,5,4,4.014,9.58,-0.2816,-1
2.88,1.0,1,1,4,2.471,19.96,0.3121,1
1.81,0.779,2,2,4,1.866,17.2,0.0631,-1
2.96,0.883,0,3,2,2.619,19.6,-0.0695,1
2.6,1.0,1,1,2,3.57,26.24,1.0,1
2.0,0.991,1,3,2,2.895,19.37,-0.7465,-1
2.41,0.822,1,5,1,3.238,12.65,0.6272,0
2.45,0.462,0,5,4,3.966,22.64,-0.3745,-1
2.38,0.898,0,1,3,4.391,12.21,0.1722,1
4.0,0.487,0,3,3,2.859,16.98,1.0,1
2.52,1.0,0,3,5,2.051,8.24,-0.4293,0
2.4,0.845,1,1,1,3.284,9.8,-0.2981,0
0.92,0.97,0,4,5,3.718,16.31,0.0904,-1
1.88,0.685,0,3,4,1.593,18.21,-0.366,-1
2.39,0.587,0,4,2,2.22,5.79,0.5862,-1
2.05,0.859,2,2,4,2.409,18.98,-0.194,0
3.71,0.815,3,2,4,2.971,11.08,0.4597,-1
2.47,0.746,0,4,2,2.363,23.68,-0.6311,-1
3.63,0.833,2,4,2,3.978,13.89,-0.8938,-1
2.65,1.0,1,1,5,1.434,9.26,-0.0259,0
2.63,0.945,2,2,1,1.462,16.45,-0.7627,0
2.53,0.977,1,3,1,2.833,10.5,0.935,0
2.6,0.947,1,5,4,3.007,23.61,-0.7414,0
3.98,1.0,2,2,5,1.6,16.0,-0.4707,1
0.74,0.791,0,2,3,2.533,15.09,0.3275,-1
1.0,0.512,1,5,1,2.759,19.55,-0.2225,-1
2.17,0.792,0,4,3,2.767,9.97,-0.7351,-1
2.61,0.942,0,5,2,3.367,8.27,1.0,1
3.15,0.675,1,4,5,2.472,18.45,-0.4509,-1
2.98,0.794,0,5,4,4.826,9.4,-0.0079,0
2.29,0.716,1,1,2,3.737,9.4,-0.0151,0
3.42,1.0,2,2,4,2.312,21.02,0.4907,1
3.42,0.932,0,2,4,3.304,19.15,0.3543,1
2.75,0.918,0,1,4,3.336,8.48,-0.3547,1
3.37,0.913,1,4,2,4.536,12.29,-0.0792,0
2.82,0.814,0,4,3,2.54,10.58,-0.0248,1
2.15,0.85,1,1,1,4.044,26.66,0.5119,1
3.16,0.642,0,1,3,3.246,21.44,-0.5426,1
2.69,0.492,1,1,2,4.841,13.47,1.0,0
2.6,0.843,0,3,3,4.62,19.46,-0.3176,0
3.78,0.869,1,3,5,3.417,7.86,0.0952,0
0.64,1.0,1,2,5,2.911,11.96,-0.538,-1
1.47,1.0,0,5,3,3.757,16.63,-0.614,-1
1.65,1.0,1,2,4,3.002,18.71,-0.3809,-1
2.31,0.67,0,3,1,5.0,15.42,-0.4338,-1
2.4,0.767,3,3,3,3.286,17.49,-0.1278,-1
1.39,0.892,0,2,4,2.754,16.47,-0.4384,-1
1.81,1.0,1,5,4,2.694,15.02,0.4826,-1
1.91,1.0,0,5,5,1.866,14.22,-0.3306,-1
4.0,0.988,1,1,3,3.812,13.44,-0.3916,1
4.0,0.762,0,3,5,2.298,17.39,-0.1161,0
2.27,0.688,0,1,5,4.408,18.46,0.6461,1
2.31,0.938,1,3,3,1.778,17.19,0.2182,0
1.68,0.655,1,4,1,3.34,8.93,0.0452,-1
1.07,0.784,0,3,2,4.465,10.01,-0.6882,-1
2.51,0.803,1,2,4,0.833,18.39,-0.5285,0
1.8,1.0,2,2,3,5.0,24.83,-0.6031,-1
2.53,0.767,2,2,5,2.732,16.91,0.8188,0
1.32,0.454,2,2,5,3.355,13.53,0.3918,-1
1.99,0.896,2,2,1,3.829,17.35,-0.3739,-1
2.72,0.715,0,4,5,3.999,9.18,-0.2104,0
2.89,0.826,2,1,2,3.501,23.85,-0.3539,1
2.93,0.807,2,1,5,4.297,17.12,-0.3872,1
1.54,0.779,0,3,3,3.771,11.98,0.3532,-1
3.28,0.939,1,4,3,5.0,15.0,-0.0581,0
1.96,0.59,0,2,1,3.775,12.84,1.0,-1
3.11,0.742,1,2,1,5.0,23.87,0.7877,1
2.59,0.923,0,4,3,4.191,14.79,0.8202,1
1.5,0.728,1,2,3,1.214,16.93,0.4692,-1
2.35,0.579,5,4,3,5.0,19.44,-0.1325,-1
2.89,0.92,1,1,1,2.568,11.56,0.4288,1
3.09,0.988,1,1,3,4.845,17.16,-0.0919,1
2.49,0.813,0,3,1,3.229,17.65,0.9967,1
3.83,0.526,0,2,1,4.367,6.68,0.3224,1
3.41,0.926,1,4,3,2.443,17.52,0.2443,1
2.39,0.571,0,3,4,3.888,15.73,0.1699,-1
3.2,0.866,0,2,4,2.921,16.78,1.0,1
4.0,0.687,2,1,5,4.937,16.21,-0.6886,-1
4.0,0.646,1,1,5,3.683,17.56,1.0,1
1.62,0.754,0,4,2,4.23,24.02,-0.0024,-1
1.86,0.793,2,2,4,0.82,8.92,-0.6734,-1
3.79,0.723,1,3,1,3.106,13.95,-0.3137,0
1.75,0.908,1,5,5,3.652,20.0,-0.8079,-1
